Pathway,score
Androgen,0.7904
EGFR,0.9810000000000001
Estrogen,0.24980000000000002
Hypoxia,0.9548000000000001
JAK.STAT,0.9836
MAPK,0.9992000000000001
NFkB,1
p53,-0.6890000000000001
PI3K,0.4907999999999999
TGFb,-0.6932
TNFa,1
Trail,0.9896
VEGF,0.2390000000000001
WNT,-0.7066
