Pathway,score
Androgen,-0.7646
EGFR,0.16880000000000006
Estrogen,-0.16080000000000005
Hypoxia,0.9978
JAK.STAT,-0.8928
MAPK,0.9985999999999999
NFkB,0.8466
p53,0.38280000000000003
PI3K,-0.3114
TGFb,0.8686
TNFa,0.6524000000000001
Trail,0.9668000000000001
VEGF,-0.008199999999999985
WNT,0.1976
