Pathway,score
Androgen,0.786
EGFR,0.9998
Estrogen,0.4987999999999999
Hypoxia,0.9818
JAK.STAT,0.9690000000000001
MAPK,1
NFkB,1
p53,-0.8686
PI3K,0.9254
TGFb,0.5062
TNFa,1
Trail,0.7904
VEGF,0.1512
WNT,-0.9838
